pa#ys	/\bpays\b/ui
supplé#er	/\bsuppléer\b/ui
supplé#ez	/\bsuppléez\b/ui
agré#ez	/\bagréez\b/ui
Albi#ane	/\bAlbiane\b/ui
Alci#at	/\bAlciat\b/ui
Amphi#on	/\bAmphion\b/ui
Anti#oche	/\bAntioche\b/ui
Anti#ochus	/\bAntiochus\b/ui
Arméni#en	/\bArménien\b/ui
avou#ez	/\bavouez\b/ui
avou#ez-en	/\bavouez-en\b/ui
avou#ez-vous	/\bavouez-vous\b/ui
Aéti#us	/\bAétius\b/ui
Bénéve#nt	/\bBénévent\b/ui
Cassi#us	/\bCassius\b/ui
Charmi#on	/\bCharmion\b/ui
Curi#ace	/\bCuriace\b/ui
Curi#aces	/\bCuriaces\b/ui
curi#osité	/\bcuriosité\b/ui
devri#ez	/\bdevriez\b/ui
Di#ane	/\bDiane\b/ui
Domiti#an	/\bDomitian\b/ui
Dé#esse	/\bDéesse\b/ui
défi#ance	/\bdéfiance\b/ui
déni#er	/\bdénier\b/ui
désavou#er	/\bdésavouer\b/ui
Elysi#ens	/\bElysiens\b/ui
envi#eux	/\benvieux\b/ui
Fabi#an	/\bFabian\b/ui
Fabi#ens	/\bFabiens\b/ui
fi#ez-vous	/\bfiez-vous\b/ui
Flamini#us	/\bFlaminius\b/ui
Flavi#an	/\bFlavian\b/ui
furi#eux	/\bfurieux\b/ui
Glabri#on	/\bGlabrion\b/ui
Gétuli#ens	/\bGétuliens\b/ui
Héracli#us	/\bHéraclius\b/ui
Ildi#one	/\bIldione\b/ui
illusi#on	/\billusion\b/ui
Illyri#ens	/\bIllyriens\b/ui
imaginati#ons	/\bimaginations\b/ui
impati#ents	/\bimpatients\b/ui
injuri#eux	/\binjurieux\b/ui
Ixi#on	/\bIxion\b/ui
jou#ir	/\bjouir\b/ui
jou#it	/\bjouit\b/ui
justeme#nt	/\bjustement\b/ui
justifi#er	/\bjustifier\b/ui
lou#ez	/\blouez\b/ui
lou#ez-en	/\blouez-en\b/ui
Lusitani#ens	/\bLusitaniens\b/ui
Léli#us	/\bLélius\b/ui
Macédoni#ens	/\bMacédoniens\b/ui
Mandoni#us	/\bMandonius\b/ui
Manli#us	/\bManlius\b/ui
Mari#us	/\bMarius\b/ui
mari#ée	/\bmariée\b/ui
Marti#an	/\bMartian\b/ui
Nymphidi#us	/\bNymphidius\b/ui
odi#euse	/\bodieuse\b/ui
offici#eux	/\bOfficieux\b/ui
Ori#ent	/\bOrient\b/ui
oubli#ant	/\boubliant\b/ui
oubli#er	/\boublier\b/ui
oubli#ez	/\boubliez\b/ui
oubli#ons	/\boublions\b/ui
parfaiteme#nt	/\bparfaitement\b/ui
Prusi#as	/\bPrusias\b/ui
publi#er	/\bpublier\b/ui
ri#ez	/\bRiez\b/ui
ru#inant	/\bruinant\b/ui
Salvidi#en	/\bSalvidien\b/ui
Scipi#on	/\bScipion\b/ui
Sertori#us	/\bSertorius\b/ui
Servili#ens	/\bServiliens\b/ui
Servili#us	/\bServilius\b/ui
se#yez-vous	/\bseyez-vous\b/ui
supplé#ez	/\bsuppléez\b/ui
supplé#ez-y	/\bsuppléez-y\b/ui
Syri#ens	/\bSyriens\b/ui
tri#omphe	/\btriomphe\b/ui
tri#omphent	/\btriomphent\b/ui
tri#ompher	/\btriompher\b/ui
tri#omphez-en	/\btriomphez-en\b/ui
Tri#umvirat	/\bTriumvirat\b/ui
Turpili#an	/\bTurpilian\b/ui
Tyri#ens	/\bTyriens\b/ui
Vacé#ens	/\bVacéens\b/ui
Valentini#an	/\bValentinian\b/ui
Vespasi#an	/\bVespasian\b/ui
victori#eux	/\bvictorieux\b/ui
Vini#us	/\bVinius\b/ui
Virgini#an	/\bVirginian\b/ui
Viri#ate	/\bViriate\b/ui
Vitelli#us	/\bVitellius\b/ui
voudri#ez-vous	/\bvoudriez-vous\b/ui
abaisseme#nt	/\babaissement\b/ui
abse#nt	/\babsent\b/ui
absolume#nt	/\babsolument\b/ui
accableme#nt	/\baccablement\b/ui
accide#nt	/\baccident\b/ui
accommodeme#nt	/\baccommodement\b/ui
accorteme#nt	/\baccortement\b/ui
accoucheme#nt	/\baccouchement\b/ui
acti#on	/\baction\b/ui
acti#ons	/\bactions\b/ui
admirati#on	/\badmiration\b/ui
adopti#on	/\badoption\b/ui
affecti#on	/\baffection\b/ui
affecti#ons	/\baffections\b/ui
afflicti#on	/\baffliction\b/ui
age#nt	/\bagent\b/ui
agrandisseme#nt	/\bagrandissement\b/ui
agré#ez	/\bagréez\b/ui
agréme#nt	/\bagrément\b/ui
aiséme#nt	/\baisément\b/ui
alli#ance	/\balliance\b/ui
alli#é	/\ballié\b/ui
alli#és	/\balliés\b/ui
ambiti#euse	/\bambitieuse\b/ui
ambiti#eux	/\bambitieux\b/ui
ambiti#on	/\bambition\b/ui
ambiti#onne	/\bambitionne\b/ui
amuseme#nt	/\bamusement\b/ui
anci#en	/\bancien\b/ui
anxi#été	/\banxiété\b/ui
apparteme#nt	/\bappartement\b/ui
approbati#on	/\bapprobation\b/ui
appréhensi#on	/\bappréhension\b/ui
ardemme#nt	/\bardemment\b/ui
arde#nt	/\bardent\b/ui
arge#nt	/\bargent\b/ui
arméni#en	/\barménien\b/ui
arrogamme#nt	/\barrogamment\b/ui
assidu#ité	/\bassiduité\b/ui
associ#er	/\bassocier\b/ui
assuréme#nt	/\bassurément\b/ui
attacheme#nt	/\battachement\b/ui
attenti#on	/\battention\b/ui
aucuneme#nt	/\baucunement\b/ui
audaci#eux	/\baudacieux\b/ui
audi#ence	/\baudience\b/ui
autreme#nt	/\bautrement\b/ui
avanceme#nt	/\bavancement\b/ui
aversi#on	/\baversion\b/ui
aveugleme#nt	/\baveuglement\b/ui
avideme#nt	/\bavidement\b/ui
avou#er	/\bavouer\b/ui
avou#ez	/\bavouez\b/ui
avou#ez-en	/\bavouez-en\b/ui
bannisseme#nt	/\bbannissement\b/ui
baudri#ers	/\bbaudriers\b/ui
brusqueme#nt	/\bbrusquement\b/ui
calomni#ateur	/\bcalomniateur\b/ui
calomni#er	/\bcalomnier\b/ui
calomni#ée	/\bcalomniée\b/ui
caprici#eux	/\bcapricieux\b/ui
capti#eux	/\bcaptieux\b/ui
causai#ent	/\bcausaient\b/ui
cauti#on	/\bcaution\b/ui
changeme#nt	/\bchangement\b/ui
chaudeme#nt	/\bchaudement\b/ui
châtime#nt	/\bchâtiment\b/ui
chèreme#nt	/\bchèrement\b/ui
claireme#nt	/\bclairement\b/ui
collati#on	/\bcollation\b/ui
commandeme#nt	/\bcommandement\b/ui
commenceme#nt	/\bcommencement\b/ui
comme#nt	/\bcomment\b/ui
commissi#on	/\bcommission\b/ui
commissi#ons	/\bcommissions\b/ui
communéme#nt	/\bcommunément\b/ui
compassi#on	/\bcompassion\b/ui
complime#nt	/\bcompliment\b/ui
comédi#en	/\bcomédien\b/ui
conditi#on	/\bcondition\b/ui
conditi#ons	/\bconditions\b/ui
confi#ance	/\bconfiance\b/ui
confidemme#nt	/\bconfidemment\b/ui
confide#nt	/\bconfident\b/ui
confi#er	/\bconfier\b/ui
confi#é	/\bconfié\b/ui
confusi#on	/\bconfusion\b/ui
confuséme#nt	/\bconfusément\b/ui
consci#ence	/\bconscience\b/ui
conse#nt	/\bconsent\b/ui
consenteme#nt	/\bconsentement\b/ui
constamme#nt	/\bconstamment\b/ui
consternati#on	/\bconsternation\b/ui
contagi#eux	/\bcontagieux\b/ui
conte#nt	/\bcontent\b/ui
conte#nteme#nt	/\bcontentement\b/ui
contestati#on	/\bcontestation\b/ui
contrari#étés	/\bcontrariétés\b/ui
conversati#on	/\bconversation\b/ui
convi#ée	/\bconviée\b/ui
convi#és	/\bconviés\b/ui
couronneme#nt	/\bcouronnement\b/ui
cri#a	/\bcria\b/ui
cri#er	/\bcrier\b/ui
cri#ois-tu	/\bcriois-tu\b/ui
cru#elle	/\bcruelle\b/ui
cru#els	/\bcruels\b/ui
curi#euse	/\bcurieuse\b/ui
curi#eux	/\bcurieux\b/ui
curi#osité	/\bcuriosité\b/ui
devri#ez	/\bdevriez\b/ui
dextreme#nt	/\bdextrement\b/ui
di#adème	/\bdiadème\b/ui
di#adèmes	/\bdiadèmes\b/ui
di#amant	/\bdiamant\b/ui
di#amants	/\bdiamants\b/ui
différe#nt	/\bdifférent\b/ui
digneme#nt	/\bdignement\b/ui
dilige#nt	/\bdiligent\b/ui
discerneme#nt	/\bdiscernement\b/ui
discréti#on	/\bdiscrétion\b/ui
dissensi#ons	/\bdissensions\b/ui
divisi#on	/\bdivision\b/ui
divisi#ons	/\bdivisions\b/ui
doubleme#nt	/\bdoublement\b/ui
douceme#nt	/\bdoucement\b/ui
décisi#on	/\bdécision\b/ui
dé#esse	/\bdéesse\b/ui
dé#esses	/\bdéesses\b/ui
cru#el	/\bcruel\b/ui
cru#els	/\bcruels\b/ui
cru#elle	/\bcruelle\b/ui
cru#elles	/\bcruelles\b/ui
défi#ance	/\bdéfiance\b/ui
défi#ances	/\bdéfiances\b/ui
défi#ant	/\bdéfiant\b/ui
défi#er	/\bdéfier\b/ui
déguiseme#nt	/\bdéguisement\b/ui
délati#ons	/\bdélations\b/ui
déme#nt	/\bdément\b/ui
déni#er	/\bdénier\b/ui
désavou#er	/\bdésavouer\b/ui
désavou#ez	/\bdésavouez\b/ui
détracti#ons	/\bdétractions\b/ui
dévoti#ons	/\bdévotions\b/ui
embraseme#nt	/\bembrasement\b/ui
emporteme#nt	/\bemportement\b/ui
empresseme#nt	/\bempressement\b/ui
empêcheme#nt	/\bempêchement\b/ui
endurcisseme#nt	/\bendurcissement\b/ui
enlèveme#nt	/\benlèvement\b/ui
envi#ant	/\benviant\b/ui
envi#er	/\benvier\b/ui
envi#eux	/\benvieux\b/ui
envi#ez	/\benviez\b/ui
envi#é	/\benvié\b/ui
estropi#é	/\bestropié\b/ui
expi#er	/\bexpier\b/ui
expi#ez	/\bexpiez\b/ui
expéri#ence	/\bexpérience\b/ui
extracti#on	/\bextraction\b/ui
extéri#eur	/\bextérieur\b/ui
exécuti#on	/\bexécution\b/ui
facti#ons	/\bfactions\b/ui
faibleme#nt	/\bfaiblement\b/ui
fallaci#eux	/\bfallacieux\b/ui
falsifi#er	/\bfalsifier\b/ui
ficti#on	/\bfiction\b/ui
ficti#ons	/\bfictions\b/ui
fier	/\bfier\b/ui
fineme#nt	/\bfinement\b/ui
foncti#ons	/\bfonctions\b/ui
fondeme#nt	/\bfondement\b/ui
fortifi#er	/\bfortifier\b/ui
francheme#nt	/\bfranchement\b/ui
froideme#nt	/\bfroidement\b/ui
furi#euse	/\bfurieuse\b/ui
furi#eux	/\bfurieux\b/ui
gardi#en	/\bgardien\b/ui
gladi#ateurs	/\bgladiateurs\b/ui
glori#euse	/\bglorieuse\b/ui
glori#euses	/\bglorieuses\b/ui
glori#eux	/\bglorieux\b/ui
gouverneme#nt	/\bgouvernement\b/ui
graci#eux	/\bgracieux\b/ui
généreuseme#nt	/\bgénéreusement\b/ui
#haine	/\bhaine\b/ui
#hais	/\bhais\b/ui
#hait	/\bhait\b/ui
#hait-il	/\bhait-il\b/ui
#hantise	/\bhantise\b/ui
#harangue	/\bharangue\b/ui
#harcelez	/\bharcelez\b/ui
#hardi#esse	/\bhardiesse\b/ui
#hardime#nt	/\bhardiment\b/ui
#hargneuse	/\bhargneuse\b/ui
#harnois	/\bharnois\b/ui
#hasard	/\bhasard\b/ui
#hasarda	/\bhasarda\b/ui
#hasardai	/\bhasardai\b/ui
#hasardais	/\bhasardais\b/ui
#hasarde	/\bhasarde\b/ui
#hasarder	/\bhasarder\b/ui
#hasarderait	/\bhasarderait\b/ui
#hasardez	/\bhasardez\b/ui
#hasards	/\bhasards\b/ui
#hasardé	/\bhasardé\b/ui
#haussant	/\bhaussant\b/ui
#haut	/\bhaut\b/ui
#hautaine	/\bhautaine\b/ui
#haute	/\bhaute\b/ui
#hauteme#nt	/\bhautement\b/ui
#hauteur	/\bhauteur\b/ui
#hauts	/\bhauts\b/ui
#haïr	/\bhaïr\b/ui
#haïrait	/\bhaïrait\b/ui
#haïrois	/\bhaïrois\b/ui
#haïsse	/\bhaïsse\b/ui
#haïssons	/\bhaïssons\b/ui
heureuseme#nt	/\bheureusement\b/ui
#hideux	/\bhideux\b/ui
#honte	/\bhonte\b/ui
#honteuse	/\bhonteuse\b/ui
#honteusement	/\bhonteusement\b/ui
#honteux	/\bhonteux\b/ui
#hors	/\bhors\b/ui
humili#er	/\bhumilier\b/ui
#hurler	/\bhurler\b/ui
#hâte	/\bhâte\b/ui
#hâter	/\bhâter\b/ui
#hâtez-vous	/\bhâtez-vous\b/ui
#hâtons	/\bhâtons\b/ui
#héros	/\bhéros\b/ui
illusi#on	/\billusion\b/ui
illusi#ons	/\billusions\b/ui
impati#ence	/\bimpatience\b/ui
impati#ent	/\bimpatient\b/ui
impati#ente	/\bimpatiente\b/ui
impati#ents	/\bimpatients\b/ui
imperfecti#ons	/\bimperfections\b/ui
impi#été	/\bimpiété\b/ui
impi#étés	/\bimpiétés\b/ui
impressi#on	/\bimpression\b/ui
impressi#ons	/\bimpressions\b/ui
imprudemme#nt	/\bimprudemment\b/ui
imprude#nt	/\bimprudent\b/ui
imprécati#on	/\bimprécation\b/ui
impunéme#nt	/\bimpunément\b/ui
impéri#euse	/\bimpérieuse\b/ui
impéri#eux	/\bimpérieux\b/ui
incessamme#nt	/\bincessamment\b/ui
inclinati#on	/\binclination\b/ui
inclinati#ons	/\binclinations\b/ui
indiffére#nt	/\bindifférent\b/ui
indignati#on	/\bindignation\b/ui
infinime#nt	/\binfiniment\b/ui
ingéni#euse	/\bingénieuse\b/ui
ingéni#eux	/\bingénieux\b/ui
injuri#euse	/\binjurieuse\b/ui
injuri#eux	/\binjurieux\b/ui
injusteme#nt	/\binjustement\b/ui
innocemme#nt	/\binnocemment\b/ui
innoce#nt	/\binnocent\b/ui
insati#able	/\binsatiable\b/ui
insensibleme#nt	/\binsensiblement\b/ui
insole#nt	/\binsolent\b/ui
instructi#ons	/\binstructions\b/ui
instrume#nt	/\binstrument\b/ui
intenti#on	/\bintention\b/ui
intenti#ons	/\bintentions\b/ui
inventi#on	/\binvention\b/ui
inventi#ons	/\binventions\b/ui
invi#olable	/\binviolable\b/ui
invi#olables	/\binviolables\b/ui
irrésoluti#on	/\birrésolution\b/ui
jou#et	/\bjouet\b/ui
jou#ez	/\bjouez\b/ui
jou#i	/\bjoui\b/ui
jou#ir	/\bjouir\b/ui
jou#ira	/\bjouira\b/ui
jou#irez	/\bjouirez\b/ui
jou#isse	/\bjouisse\b/ui
jou#issent	/\bjouissent\b/ui
jou#issez	/\bjouissez\b/ui
jou#issons	/\bjouissons\b/ui
jou#it	/\bjouit\b/ui
jugeme#nt	/\bjugement\b/ui
justeme#nt	/\bjustement\b/ui
justifi#er	/\bjustifier\b/ui
justifi#ez-vous	/\bjustifiez-vous\b/ui
justifi#é	/\bjustifié\b/ui
justifi#ée	/\bjustifiée\b/ui
labori#eux	/\blaborieux\b/ui
le#nt	/\blent\b/ui
lenteme#nt	/\blentement\b/ui
libreme#nt	/\blibrement\b/ui
li#en	/\blien\b/ui
li#ens	/\bliens\b/ui
li#er	/\blier\b/ui
li#on	/\blion\b/ui
li#ons	/\blions\b/ui
lou#er	/\blouer\b/ui
lou#ez	/\blouez\b/ui
lou#is	/\blouis\b/ui
légi#on	/\blégion\b/ui
légi#ons	/\blégions\b/ui
légèreme#nt	/\blégèrement\b/ui
malaiséme#nt	/\bmalaisément\b/ui
malici#euse	/\bmalicieuse\b/ui
mari#age	/\bmariage\b/ui
mari#er	/\bmarier\b/ui
mari#ez	/\bmariez\b/ui
mari#é	/\bmarié\b/ui
mari#ée	/\bmariée\b/ui
mendi#er	/\bmendier\b/ui
mendi#é	/\bmendié\b/ui
mettri#ons	/\bmettrions\b/ui
meurtri#er	/\bmeurtrier\b/ui
meurtri#ers	/\bmeurtriers\b/ui
milli#on	/\bmillion\b/ui
molleme#nt	/\bmollement\b/ui
mome#nt	/\bmoment\b/ui
montri#ez	/\bmontriez\b/ui
monume#nt	/\bmonument\b/ui
mouveme#nt	/\bmouvement\b/ui
mystéri#euse	/\bmystérieuse\b/ui
mystéri#eux	/\bmystérieux\b/ui
méconte#nt	/\bmécontent\b/ui
mécontenteme#nt	/\bmécontentement\b/ui
nati#on	/\bnation\b/ui
nati#ons	/\bnations\b/ui
ni#er	/\bnier\b/ui
nonchalamme#nt	/\bnonchalamment\b/ui
nupti#al	/\bnuptial\b/ui
obligati#on	/\bobligation\b/ui
obscuréme#nt	/\bobscurément\b/ui
obstinati#on	/\bobstination\b/ui
obstinéme#nt	/\bobstinément\b/ui
occasi#on	/\boccasion\b/ui
occasi#ons	/\boccasions\b/ui
odi#euse	/\bodieuse\b/ui
odi#eux	/\bodieux\b/ui
offici#eux	/\bofficieux\b/ui
offri#ez	/\boffriez\b/ui
opini#on	/\bopinion\b/ui
ori#ent	/\borient\b/ui
orneme#nt	/\bornement\b/ui
oubli#ant	/\boubliant\b/ui
oubli#er	/\boublier\b/ui
oubli#ez	/\boubliez\b/ui
oubli#ez-en	/\boubliez-en\b/ui
oubli#ez-vous	/\boubliez-vous\b/ui
oubli#é	/\boublié\b/ui
oubli#ée	/\boubliée\b/ui
paisibleme#nt	/\bpaisiblement\b/ui
pare#nt	/\bparent\b/ui
parfaiteme#nt	/\bparfaitement\b/ui
passi#on	/\bpassion\b/ui
passi#onné	/\bpassionné\b/ui
passi#ons	/\bpassions\b/ui
pati#ence	/\bpatience\b/ui
pati#ences	/\bpatiences\b/ui
perfecti#on	/\bperfection\b/ui
perfecti#ons	/\bperfections\b/ui
permissi#on	/\bpermission\b/ui
persécuti#on	/\bpersécution\b/ui
persécuti#ons	/\bpersécutions\b/ui
pi#euse	/\bpieuse\b/ui
pi#eux	/\bpieux\b/ui
pleineme#nt	/\bpleinement\b/ui
pompeuseme#nt	/\bpompeusement\b/ui
possessi#on	/\bpossession\b/ui
prendri#ez	/\bprendriez\b/ui
pressentime#nt	/\bpressentiment\b/ui
pri#ant	/\bpriant\b/ui
pri#er	/\bprier\b/ui
pri#ez	/\bpriez\b/ui
pri#ons	/\bprions\b/ui
pri#ère	/\bprière\b/ui
pri#ères	/\bprières\b/ui
pri#é	/\bprié\b/ui
pri#ée	/\bpriée\b/ui
prodigi#eux	/\bprodigieux\b/ui
profusi#on	/\bprofusion\b/ui
profusi#ons	/\bprofusions\b/ui
prompteme#nt	/\bpromptement\b/ui
proscripti#ons	/\bproscriptions\b/ui
prostituti#on	/\bprostitution\b/ui
protecti#on	/\bprotection\b/ui
protestati#ons	/\bprotestations\b/ui
provisi#on	/\bprovision\b/ui
prude#nt	/\bprudent\b/ui
précauti#on	/\bprécaution\b/ui
précauti#ons	/\bprécautions\b/ui
préci#euse	/\bprécieuse\b/ui
préci#eux	/\bprécieux\b/ui
prédicti#on	/\bprédiction\b/ui
prédicti#ons	/\bprédictions\b/ui
prése#nt	/\bprésent\b/ui
présompti#on	/\bprésomption\b/ui
prétenti#on	/\bprétention\b/ui
prétenti#ons	/\bprétentions\b/ui
prétori#ens	/\bprétoriens\b/ui
publi#ant	/\bpubliant\b/ui
publi#er	/\bpublier\b/ui
publiqueme#nt	/\bpubliquement\b/ui
publi#és	/\bpubliés\b/ui
puniti#on	/\bpunition\b/ui
Liri#ope	/\bLiriope\b/ui
puniti#ons	/\bpunitions\b/ui
questi#on	/\bquestion\b/ui
questi#ons	/\bquestions\b/ui
raisonneme#nt	/\braisonnement\b/ui
rareme#nt	/\brarement\b/ui
ravisseme#nt	/\bravissement\b/ui
redoubleme#nt	/\bredoublement\b/ui
refroidisseme#nt	/\brefroidissement\b/ui
remerci#ant	/\bremerciant\b/ui
remerci#er	/\bremercier\b/ui
resse#nt	/\bressent\b/ui
ressentime#nt	/\bressentiment\b/ui
retardeme#nt	/\bretardement\b/ui
ri#ez	/\briez\b/ui
rompri#ons	/\bromprions\b/ui
ru#ine	/\bruine\b/ui
ru#ines	/\bruines\b/ui
ru#iné	/\bruiné\b/ui
ru#inez	/\bruinez\b/ui
rébelli#on	/\brébellion\b/ui
rébelli#ons	/\brébellions\b/ui
récepti#on	/\bréception\b/ui
réflexi#on	/\bréflexion\b/ui
réjou#is	/\bréjouis\b/ui
réjou#it	/\bréjouit\b/ui
renou#er	/\brenouer\b/ui
répudi#ée	/\brépudiée\b/ui
réputati#on	/\bréputation\b/ui
résoluti#on	/\brésolution\b/ui
résoluti#ons	/\brésolutions\b/ui
rétablisseme#nt	/\brétablissement\b/ui
révoluti#ons	/\brévolutions\b/ui
sacrifi#er	/\bsacrifier\b/ui
sacrifi#é	/\bsacrifié\b/ui
sacrifi#és	/\bsacrifiés\b/ui
sacrifi#ez	/\bsacrifiez\b/ui
saineme#nt	/\bsainement\b/ui
satisfacti#on	/\bsatisfaction\b/ui
satisfacti#ons	/\bsatisfactions\b/ui
sci#ence	/\bscience\b/ui
secou#er	/\bsecouer\b/ui
sentime#nt	/\bsentiment\b/ui
serme#nt	/\bserment\b/ui
seuleme#nt	/\bseulement\b/ui
simpleme#nt	/\bsimplement\b/ui
soulageme#nt	/\bsoulagement\b/ui
soulèveme#nt	/\bsoulèvement\b/ui
soumissi#on	/\bsoumission\b/ui
soumissi#ons	/\bsoumissions\b/ui
sourdeme#nt	/\bsourdement\b/ui
souve#nt	/\bsouvent\b/ui
spéci#eux	/\bspécieux\b/ui
submissi#on	/\bsubmission\b/ui
submissi#ons	/\bsubmissions\b/ui
successi#ons	/\bsuccessions\b/ui
suppli#ant	/\bsuppliant\b/ui
suppli#er	/\bsupplier\b/ui
supplé#er	/\bsuppléer\b/ui
séditi#eux	/\bséditieux\b/ui
séditi#on	/\bsédition\b/ui
séditi#ons	/\bséditions\b/ui
sûreme#nt	/\bsûrement\b/ui
telleme#nt	/\btellement\b/ui
tentati#on	/\btentation\b/ui
testame#nt	/\btestament\b/ui
torre#nt	/\btorrent\b/ui
tourme#nt	/\btourment\b/ui
traiteme#nt	/\btraitement\b/ui
tride#nt	/\btrident\b/ui
tri#ompha	/\btriompha\b/ui
tri#omphant	/\btriomphant\b/ui
tri#omphante	/\btriomphante\b/ui
tri#omphants	/\btriomphants\b/ui
tri#omphe	/\btriomphe\b/ui
tri#ompher	/\btriompher\b/ui
tri#omphera	/\btriomphera\b/ui
tri#omphez	/\btriomphez\b/ui
tri#omphoit	/\btriomphoit\b/ui
tri#omphons	/\btriomphons\b/ui
tri#omphé	/\btriomphé\b/ui
trucheme#nt	/\btruchement\b/ui
uni#on	/\bunion\b/ui
ve#nt	/\bvent\b/ui
vertu#eux	/\bvertueux\b/ui
victori#eux	/\bvictorieux\b/ui
vi#ole	/\bviole\b/ui
vi#olence	/\bviolence\b/ui
vi#olences	/\bviolences\b/ui
vi#ole#nt	/\bviolent\b/ui
vi#olente	/\bviolente\b/ui
vi#olenter	/\bviolenter\b/ui
vi#olents	/\bviolents\b/ui
vi#olenté	/\bviolenté\b/ui
vi#oler	/\bvioler\b/ui
vi#olé	/\bviolé\b/ui
vi#olée	/\bviolée\b/ui
vi#olés	/\bviolés\b/ui
visi#on	/\bvision\b/ui
visi#onnaire	/\bvisionnaire\b/ui
visi#ons	/\bvisions\b/ui
viveme#nt	/\bvivement\b/ui
voudri#ez	/\bvoudriez\b/ui
voudri#ez-vous	/\bvoudriez-vous\b/ui
véhéme#nt	/\bvéhément\b/ui
Éthi#opie	/\bÉthiopie\b/ui
éblou#i	/\bébloui\b/ui
éblou#ie	/\béblouie\b/ui
éblou#ir	/\béblouir\b/ui
éblou#is	/\béblouis\b/ui
éblou#issant	/\béblouissant\b/ui
éblou#isse	/\béblouisse\b/ui
éblou#issent	/\béblouissent\b/ui
éblou#issiez	/\béblouissiez\b/ui
éblou#it	/\béblouit\b/ui
éclaircisseme#nt	/\béclaircissement\b/ui
égaleme#nt	/\bégalement\b/ui
égareme#nt	/\bégarement\b/ui
élargisseme#nt	/\bélargissement\b/ui
électi#on	/\bélection\b/ui
électi#ons	/\bélections\b/ui
éloigneme#nt	/\béloignement\b/ui
éléme#nt	/\bélément\b/ui
émoti#on	/\bémotion\b/ui
émoti#ons	/\bémotions\b/ui
étonneme#nt	/\bétonnement\b/ui
étudi#é	/\bétudié\b/ui
étudi#ée	/\bétudiée\b/ui
évanou#ie	/\bévanouie\b/ui
évanou#ir	/\bévanouir\b/ui
évanou#issez-vous	/\bévanouissez-vous\b/ui
évanou#it	/\bévanouit\b/ui
évide#nt	/\bévident\b/ui
événeme#nt	/\bévénement\b/ui
remercieme#nt	/\bremerciement\b/ui
entièreme#nt	/\bentièrement\b/ui
boucli#er	/\bbouclier\b/ui
cri#é	/\bcrié\b/ui
ressentime#nt	/\bressentiment\b/ui
#hésite	/\bhésite\b/ui
#hésiter	/\bhésiter\b/ui
instructi#on	/\binstruction\b/ui
sujéti#on	/\bsujétion\b/ui
mu#ettes	/\bmuettes\b/ui
renou#er	/\brenouer\b/ui
jou#er	/\bjouer\b/ui
inqui#éter	/\binquiéter\b/ui
inqui#étude	/\binquiétude\b/ui
inqui#ète	/\binquiète\b/ui
mutu#el	/\bmutuel\b/ui
mutu#elle	/\bmutuelle\b/ui
mutu#els	/\bmutuels\b/ui
mutu#elles	/\bmutuelles\b/ui
questi#on	/\bquestion\b/ui
questi#ons	/\bquestions\b/ui
continu#er	/\bcontinuer\b/ui
continu#ez	/\bcontinuez\b/ui
cru#el	/\bcruel\b/ui
cru#elle	/\bcruelle\b/ui
cru#els	/\bcruels\b/ui
diminu#er	/\bdiminuer\b/ui
inqui#ète	/\binquiète\b/ui
mari#ée	/\bmariée\b/ui
renou#er	/\brenouer\b/ui
aversi#ons	/\baversions\b/ui
continu#er	/\bcontinuer\b/ui
continu#ez	/\bcontinuez\b/ui
continuez-lu#i	/\bcontinuez-lui\b/ui
contribu#er	/\bcontribuer\b/ui
cru#el	/\bcruel\b/ui
cru#elles	/\bcruelles\b/ui
de#nt	/\bdent\b/ui
diminu#er	/\bdiminuer\b/ui
du#el	/\bduel\b/ui
du#els	/\bduels\b/ui
déguiseme#nt	/\bdéguisement\b/ui
désuni#on	/\bdésunion\b/ui
effectu#er	/\beffectuer\b/ui
envi#ais	/\benviais\b/ui
#haines	/\bhaines\b/ui
humili#és	/\bhumiliés\b/ui
inqui#et	/\binquiet\b/ui
inqui#ète	/\binquiète\b/ui
inqui#éter	/\binquiéter\b/ui
inqui#éterais	/\binquiéterais\b/ui
inqui#étude	/\binquiétude\b/ui
inqui#études	/\binquiétudes\b/ui
inqui#été	/\binquiété\b/ui
inqui#étée	/\binquiétée\b/ui
influ#ence	/\binfluence\b/ui
jou#er	/\bjouer\b/ui
justifi#ais	/\bjustifiais\b/ui
li#aison	/\bliaison\b/ui
mu#et	/\bmuet\b/ui
mu#ets	/\bmuets\b/ui
mu#ette	/\bmuette\b/ui
mu#ettes	/\bmuettes\b/ui
mutu#el	/\bmutuel\b/ui
mutu#elle	/\bmutuelle\b/ui
mutu#elles	/\bmutuelles\b/ui
mutu#els	/\bmutuels\b/ui
mûreme#nt	/\bmûrement\b/ui
nupti#ale	/\bnuptiale\b/ui
oubli#ai	/\boubliai\b/ui
oubli#ait	/\boubliait\b/ui
pri#ai	/\bpriai\b/ui
publiqueme#nt	/\bpubliquement\b/ui
restitu#er	/\brestituer\b/ui
ru#elle	/\bruelle\b/ui
salu#er	/\bsaluer\b/ui
tu#er	/\btuer\b/ui
tu#ez	/\btuez\b/ui
éblou#issons	/\béblouissons\b/ui
Éthi#opie	/\bÉthiopie\b/ui
étudi#ai	/\bétudiai\b/ui
événeme#nt	/\bévénement\b/ui
Ly#on	/\bLyon\b/ui
Léli#us…	/\bLélius…\b/ui
Sertori#us…	/\bSertorius…\b/ui
remerci#ez-moi	/\bremerciez-moi\b/ui
agitati#ons	/\bagitations\b/ui
conjurati#on	/\bconjuration\b/ui
Cépi#on	/\bCépion\b/ui
Envi#ait	/\bEnviait\b/ui
accusati#on	/\baccusation\b/ui
obé#ir	/\bobéir\b/ui
ralli#ées	/\bralliées\b/ui
sacrifi#ées	/\bsacrifiées\b/ui
réjou#ir	/\bréjouir\b/ui
déni#ant	/\bdéniant\b/ui
spécifi#er	/\bspécifier\b/ui
ri#ant	/\briant\b/ui
appréhensi#ons	/\bappréhensions\b/ui
cri#ez	/\bcriez\b/ui
moy#en	/\bmoyen\b/ui
agré#er	/\bagréer\b/ui
Lé#once	/\bLéonce\b/ui
patrici#enne	/\bpatricienne\b/ui
purifi#ant	/\bpurifiant\b/ui
Octavi#an	/\bOctavian\b/ui
mendi#ée	/\bmendiée\b/ui
consolati#on	/\bconsolation\b/ui
moy#ens	/\bmoyens\b/ui
purifi#er	/\bpurifier\b/ui
renvoy#ez-lui	/\brenvoyez-lui\b/ui
pernici#eux	/\bpernicieux\b/ui
scorpi#on	/\bscorpion\b/ui
invari#able	/\binvariable\b/ui
falsifi#é	/\bfalsifié\b/ui
fi#ant	/\bfiant\b/ui
oubli#a	/\boublia\b/ui
vi#olons	/\bviolons\b/ui
Inforti#at	/\bInfortiat\b/ui
Péri#andre	/\bPériandre\b/ui
justifi#ant	/\bjustifiant\b/ui
Scipi#ons	/\bScipions\b/ui
Justifi#ons	/\bJustifions\b/ui
lou#anges	/\blouanges\b/ui
écri#ée	/\bécriée\b/ui
afflicti#ons	/\bafflictions\b/ui
Poly#eucte	/\bPolyeucte\b/ui
Né#arque	/\bNéarque\b/ui
châti#er	/\bchâtier\b/ui
croy#ant	/\bcroyant\b/ui
cru#autés	/\bcruautés\b/ui
Thé#odose	/\bThéodose\b/ui
Arcadi#us	/\bArcadius\b/ui
Grati#an	/\bGratian\b/ui
Aré#obinde	/\bAréobinde\b/ui
sacrifi#ais	/\bsacrifiais\b/ui
Étudi#ez	/\bÉtudiez\b/ui
impétu#eux	/\bimpétueux\b/ui
tri#ompherai	/\btriompherai\b/ui
Viri#atus	/\bViriatus\b/ui
avou#é	/\bavoué\b/ui
anci#enne	/\bancienne\b/ui
confi#ai	/\bconfiai\b/ui
pri#ait	/\bpriait\b/ui
Hy#arbée	/\bHyarbée\b/ui
ay#ant	/\bayant\b/ui
décri#ée	/\bdécriée\b/ui
décri#é	/\bdécrié\b/ui
obé#irai	/\bobéirai\b/ui
conversi#on	/\bconversion\b/ui
agré#ableme#nt	/\bagréablement\b/ui
demi-séri#euse	/\bdemi-sérieuse\b/ui
Thé#ante	/\bThéante\b/ui
fi#ez	/\bfiez\b/ui
excepti#on	/\bexception\b/ui
imprécati#ons	/\bimprécations\b/ui
épi#ons	/\bépions\b/ui
Di#ocléti#an	/\bDioclétian\b/ui
uni#ons	/\bunions\b/ui
jou#issance	/\bjouissance\b/ui
sacrifi#ait	/\bsacrifiait\b/ui
éblou#issait	/\béblouissait\b/ui
Muci#an	/\bMucian\b/ui
Échi#on	/\bÉchion\b/ui
foncti#on	/\bfonction\b/ui
expressi#on	/\bexpression\b/ui
corrupti#ons	/\bcorruptions\b/ui
fièreme#nt	/\bfièrement\b/ui
aveugléme#nt	/\baveuglément\b/ui
vaineme#nt	/\bvainement\b/ui
dérègleme#nt	/\bdérèglement\b/ui
favorableme#nt	/\bfavorablement\b/ui
véritableme#nt	/\bvéritablement\b/ui
passeme#nt	/\bpassement\b/ui
puissamme#nt	/\bpuissamment\b/ui
uniqueme#nt	/\buniquement\b/ui
loyaleme#nt	/\bloyalement\b/ui
fièreme#nt	/\bfièrement\b/ui
vraime#nt	/\bvraiment\b/ui
néglige#nt	/\bnégligent\b/ui
établisseme#nt	/\bétablissement\b/ui
forcèneme#nt	/\bforcènement\b/ui
folleme#nt	/\bfollement\b/ui
divertisseme#nt	/\bdivertissement\b/ui
excelle#nt	/\bexcellent\b/ui
secrèteme#nt	/\bsecrètement\b/ui
rudeme#nt	/\brudement\b/ui
impudemme#nt	/\bimpudemment\b/ui
prudemme#nt	/\bprudemment\b/ui
adroiteme#nt	/\badroitement\b/ui
débordeme#nt	/\bdébordement\b/ui
naïveme#nt	/\bnaïvement\b/ui
enchanteme#nt	/\benchantement\b/ui
ponctu#elleme#nt	/\bponctuellement\b/ui
volontaireme#nt	/\bvolontairement\b/ui
vêteme#nt	/\bvêtement\b/ui
logeme#nt	/\blogement\b/ui
éternelleme#nt	/\béternellement\b/ui
insolemme#nt	/\binsolemment\b/ui
#haïrai	/\bhaïrai\b/ui
#hontes	/\bhontes\b/ui
#hasardeux	/\bhasardeux\b/ui
#hontes	/\bhontes\b/ui
#Hollande	/\bHollande\b/ui
#hautes	/\bhautes\b/ui
#hasardait	/\bhasardait\b/ui
#haïssez	/\bhaïssez\b/ui
#huit	/\bhuit\b/ui
réfugi#ée	/\bréfugiée\b/ui
réfugi#ées	/\bréfugiées\b/ui
réfugi#é	/\bréfugié\b/ui
réfugi#és	/\bréfugiés\b/ui
vici#eux	/\bvicieux\b/ui
vici#euse	/\bvicieuse\b/ui
vici#euses	/\bvicieuses\b/ui
pi#été	/\bpiété\b/ui
e#s	/\bes\b/ui